,Location,Village,Latitude,Longitude
0,BALLARI,NAVADGI,17.388835999999998,77.220145
1,BALLARI,KODIHALLI,14.812537099999998,76.2560821
10,BALLARI,BOMMANAKATTI,14.8603193,75.5610503
21,BALLARI,KURABGONDA,15.3463789,76.8284328
30,BALLARI,BISALAHALLI,15.1226144,76.9611554
32,BALLARI,KALKERI,15.159744199999999,75.8303618
35,BALLARI,D HONNUR,15.497914800000002,76.97741020000001
39,BALLARI,CHYMALAPUR,15.302331900000002,76.4695569
40,BALLARI,BHAIRAPUR,15.1978342,75.9698304
45,BALLARI,BASAPUR,15.1980843,76.60975040000001
48,BALLARI,KITTUR,14.926174300000001,75.54350529999999
49,BALLARI,TIMMAPUR,15.691746100000001,76.6525401
54,BALLARI,KELUR,15.1598422,75.7427003
58,BALLARI,T.BUDIHAL,15.168266599999999,75.849148
59,BALLARI,MOTEBENNUR,14.708584400000001,75.47982569999999
64,BALLARI,RAMPUR,15.064984400000002,76.7029404
65,BALLARI,KATENAHALLI,14.6390948,76.2650353
68,BALLARI,KONANATAMBIGI,14.674256900000001,75.79479570000001
93,ELURU,VENKATAPURAM,16.7000538,81.11645659999999
112,DUVVURU,GOWRAVARAM,14.151446300000002,79.8501885
137,DUVVURU,MYDUKUR,14.839747599999999,78.6522541
140,ELURU,CHANDRANNAPALEM,16.6655362,81.0137765
143,ELURU,SRIRAMAVARAM,16.7996492,81.20599729999999
146,RAJAHAMANDRY,GOKAVARAM,17.010251500000003,81.7711194
148,ELURU,KOTHAPALLI -E,16.7717872,81.11466750000001
150,ELURU,PUPPALAVARIGUDEM,16.6655362,81.0160927
154,ELURU,CHEEPURUGUDEM,16.7389926,81.06010079999999
156,ELURU,AMBERPETA,16.839963100000002,81.275768
157,ELURU,PERUGUGUDEM-1,16.705069,81.10416529999999
162,ELURU,DWARAKATIRUMALA,16.735882500000002,80.6710442
167,ELURU,MATTAMGUDEM,16.9190357,81.002666
169,ELURU,POTHAVARAM,17.0164103,81.41166329999999
171,ELURU,S CH PETA,16.711930900000002,81.07628879999999
173,ELURU,VEMULAPALLI,16.7080236,81.0891501
177,ELURU,NADIPALLI,16.8280306,81.0075423
178,ELURU,GANAPAVARIGUDEM,16.7072164,81.1070218
181,ELURU,GOPINADHAPATNAM,16.737394000000002,81.1443053
183,ELURU,KAMAVARAPUKOTA,17.008632300000002,81.2031416
184,ELURU,KOTTHAPALLI,16.7502856,81.1115123
188,ELURU,GOLLAGUDEM,16.8738301,81.3638153
189,ELURU,PANGIDIGUDEM,16.7814708,81.1755001
190,ELURU,DHARMAJI GUDEM,16.8975505,80.9932946
191,ELURU,VEMPADU,16.6827535,81.0235047
193,ELURU,MUDICHERLA,16.738190300000003,81.0693721
194,ELURU,T NARASAPURAM,17.0783038,80.98819940000001
195,ELURU,SEETAPURAM,16.682436600000003,81.03312209999999
196,ELURU,POTHUREDDYPALLI,16.801275600000004,80.8680837
198,ELURU,BASAVARAPADU,16.7524404,81.1111505
203,ELURU,CHINTALAPUDI,16.9004914,80.99837609999999
206,ELURU,VEMPADU - 1,16.7164159,81.0736507
209,ELURU,SURAPPAGUDEM,16.8078379,81.2394547
210,ELURU,PEDAVEGI,16.7582637,81.0432948
215,ELURU,KOPPULAVARIGUDEM,16.8147592,81.144253
216,ELURU,TAKKELLAPADU,16.290429800000002,80.4444166
218,ELURU,KOTHAGUDEM,16.7985275,81.21204250000001
219,ELURU,KATRENIPADU,16.8107585,80.9534385
220,ELURU,JANGAMGUDEM,16.7239976,81.0693721
221,GUNTUR,NARAMALAPADU,16.299754800000002,80.382159
222,GUNTUR,DHARMAVARAM,16.443989300000002,79.55540040000001
223,GUNTUR,ADIGOPPULA,16.4404276,79.6167343
224,GUNTUR,MADUGULA,16.5001735,79.5703161
225,GUNTUR,MIRIYALA,16.474763,79.64110490000002
227,KARIMNAGAR,BRAHMANAPALLI,18.7823712,79.4278457
228,KARIMNAGAR,LINGAPUR,18.765076699999998,79.4581253
229,KARIMNAGAR,TADIKAL,18.3120895,79.2864847
231,KARIMNAGAR,TUMMANAPALLI-I,18.224989800000003,79.36596390000001
232,KARIMNAGAR,C P PALLY,18.5025469,79.15688990000001
233,KARIMNAGAR,KATRAPALLY,18.1656499,79.3798255
234,KARIMNAGAR,VEGURUPALLI,18.469412600000002,79.29008950000001
235,KARIMNAGAR,KONDAPAKA,18.3974516,79.433384
236,KARIMNAGAR,MAMIDALAPALLY,18.500132100000002,78.75210290000001
237,KARIMNAGAR,KANDUGULA,18.1762385,79.4423182
238,KURNOOL,RUDRAVARAM,15.2416448,78.5993886
240,KURNOOL,PULAKURTHI,15.742447199999997,77.6811152
241,KURNOOL,GUDURU,15.7768082,77.79639949999999
242,KURNOOL,SANGALA,15.8677018,77.64825040000001
246,KURNOOL,GONEGANDLA,15.713792999999999,77.5862796
247,KURNOOL,KARIVEMULA,15.596236600000001,77.5959284
248,KURNOOL,KALLUGOTLA,15.284143700000001,78.34704640000001
249,KURNOOL,GANJIHALLI,15.6788516,77.5313112
251,KURNOOL,UYYALAWADA,15.1014188,78.3922469
254,KURNOOL,GUDIKALLU,15.743386600000001,77.4714872
255,KURNOOL,GUNDREVULA,15.8588721,77.6662603
257,KURNOOL,SUDIREDDYPALLI,15.784074300000002,78.081277
258,KURNOOL,P KOTAKONDA,15.594907300000001,77.6619702
259,MAHARASHTRA,KIWALA,19.0374642,77.28556540000001
260,MAHARASHTRA,ADGAON,16.7854392,73.6364103
261,MAHARASHTRA,CHINCHOLI,18.815119199999998,74.1405854
262,MAHARASHTRA,HATOLA,18.965252600000003,75.2622432
263,MAHARASHTRA,KUPATI,20.560694100000003,77.50120550000001
264,MAHARASHTRA,JAVLKHEDA,21.443984,78.8340337
265,MAHARASHTRA,SAVARGAV,19.1585367,74.2410504
266,MAHARASHTRA,KAKANDI,19.0699665,77.3666882
267,MAHARASHTRA,DEVGAON,19.560073000000003,73.13320759999999
268,MAHARASHTRA,DAHEGAON,21.0442141,79.00656540000001
269,MAHARASHTRA,TEMBHURNI,18.029572899999998,75.1874717
270,MAHARASHTRA,NANDANVAN,21.1331414,79.1172628
271,MAHARASHTRA,RAHATI,21.090794,78.57603459999999
272,MAHARASHTRA,MALDI,16.2072198,73.5393502
273,MAHARASHTRA,GANPUR,21.285079100000004,75.1337703
274,MAHARASHTRA,PENBORI,20.0815291,76.80813540000001
276,MAHARASHTRA,SHIRSWADI,18.6669863,74.0900749
278,MAHARASHTRA,KEDARWADI,17.0978385,74.2069709
280,MAHARASHTRA,MALKAPUR PANGRA,20.0701711,76.331377
281,MAHARASHTRA,KONAD,20.249534,76.1492654
283,MAHARASHTRA,DHODAP,20.447461699999998,76.3162816
284,MAHARASHTRA,RATOLI,18.749084600000003,77.44949809999999
285,MAHARASHTRA,PALASGAON,20.9144048,79.9056202
286,MAHARASHTRA,KEDAR WADGAON,18.8092897,77.4196852
287,MAHARASHTRA,MARDI,17.741860600000003,74.69338420000001
288,MAHARASHTRA,CHIVALI,20.2591141,74.93339540000001
289,MAHARASHTRA,ANDHERA,20.1690114,76.2137903
291,MAHARASHTRA,YAVATMAL,20.3884338,78.0838673
292,MAHARASHTRA,SINDKHED RAJA,19.954138600000004,76.1058898
294,MAHARASHTRA,TADEGAON,20.1859292,75.9040153
295,MAHARASHTRA,DAHA,19.8496241,76.3698153
296,MAHARASHTRA,DEAULGAON T,20.0147244,76.024103
297,MAHARASHTRA,JAKAPUR,19.184774700000002,77.6580802
298,MAHARASHTRA,DHANAJ,19.1751842,77.3972004
299,MAHARASHTRA,PATODA,18.0664093,76.2161853
300,MAHARASHTRA,MANDANI,19.5678793,76.7740004
301,MAHARASHTRA,RAJEGAON,18.3469318,74.7526404
302,MAHARASHTRA,CHAIGAON,20.464879800000002,74.9729377
303,MAHARASHTRA,GOTRA,19.922769100000004,76.54875030000001
304,MAHARASHTRA,BORAKHEDI,20.674323100000002,76.1835054
305,MAHARASHTRA,SANGUCHIWADI,18.9367198,77.2312452
306,MAHARASHTRA,BENAL,21.25715,81.55860129999999
307,MAHARASHTRA,SASKHEDA,19.8381348,76.4066052
308,MAHARASHTRA,CHORD,18.8044173,73.04473349999999
309,MAHARASHTRA,MOTHEGAON,20.0309066,76.70681540000001
311,MAHARASHTRA,HIPPARGA,17.9188352,76.3983142
312,MAHARASHTRA,HADOLI,18.0130132,76.69436040000001
313,MAHARASHTRA,MANDWA,18.803625699999998,72.87213340000001
314,MAHARASHTRA,WADGAON,18.7377484,73.6304658
315,MAHARASHTRA,GEVRAI BAJAR,19.2595657,75.73234790000001
316,MAHARASHTRA,DAHIFAL,20.396069100000002,77.8310354
317,MAHARASHTRA,LEHANI,20.1025941,76.7118255
318,MAHARASHTRA,MEHKAR,20.1497702,76.5583776
319,MAHARASHTRA,LONAR,19.976676100000002,76.5037421
320,MAHARASHTRA,PIR KALYAN,19.8602841,75.9850304
321,MAHARASHTRA,MANGAL SAWNGI,20.7280132,78.5747228
322,MAHARASHTRA,YEVATA,21.1358098,77.47770009999999
323,MAHARASHTRA,KANDALA,18.7880091,77.50131040000001
324,MAHARASHTRA,BHAROSA,20.2288687,76.23744070000001
325,MAHARASHTRA,MAHORA,20.261180399999997,75.9215677
326,MAHARASHTRA,ASOLA,20.367688100000002,76.8776767
328,MAHARASHTRA,DHANDARWADI,19.8668541,76.1166753
329,MAHARASHTRA,UMARA,18.4483518,75.8872193
330,MAHARASHTRA,DOLKHEDA,20.3569612,76.2195946
331,MAHARASHTRA,SUGAON,18.399192499999998,76.72899840000001
332,MAHARASHTRA,GOLEGAON,19.212631,73.88448890000001
333,MAHARASHTRA,GANGANBID,18.8603498,77.12633029999999
334,MAHARASHTRA,ANTARGAON,19.8185515,79.08950329999999
335,MAHARASHTRA,ANJANI BK,20.177969100000002,76.6387953
336,MAHARASHTRA,GOBHNI,20.803630300000002,79.27658740000001
337,MAHARASHTRA,TAKALGAON,18.763074800000002,76.8942203
338,MAHARASHTRA,GARKHED,19.8607918,75.3460357
340,MAHARASHTRA,KARANJI,19.9384358,74.5251775
341,MAHARASHTRA,BABULKHED,20.1734294,76.5177584
342,MAHARASHTRA,KARLI,18.7335499,74.1582905
343,MAHARASHTRA,AMBHORA,21.496789800000002,80.2203503
344,MAHARASHTRA,SAWANGI VIR,20.7112,78.5723113
345,MAHARASHTRA,KHANAPUR-1,16.3168397,74.14192309999999
346,MAHARASHTRA,DANDARWADI,16.934638600000003,74.17602099999999
347,MAHARASHTRA,DUSARBID,20.008616800000002,76.3013792
348,MAHARASHTRA,KUMBHARI,17.649272,75.9849559
349,MAHARASHTRA,MALEGAON,20.5575613,74.5008657
350,MAHARASHTRA,MASLGA,18.246469199999996,76.7079454
351,MAHARASHTRA,GHUNJAKHED,18.968092199999997,76.7275703
352,MAHARASHTRA,CHANGEFAL,19.914399,76.3279803
354,MAHARASHTRA,PAPAL,20.6437365,77.65014029999999
355,MAHARASHTRA,BALKHEDA,20.362244,75.3154303
356,MAHARASHTRA,SOMTHANA,19.9275315,75.6665204
357,MAHARASHTRA,KALAMBAR,18.5007242,77.3092354
358,MAHARASHTRA,HIRDAV,20.006709100000002,76.5823054
361,MAHARASHTRA,SHINDI KALEGAON,19.8158942,75.9615053
362,MAHARASHTRA,SINGAON,20.0827068,76.0827631
363,MAHARASHTRA,REVGAON,19.7552465,75.86406540000002
364,MAHARASHTRA,ALUWADGAON,18.7871848,77.4467453
365,MAHARASHTRA,DAHIKALAMBA,18.9278342,77.33469029999999
366,MAHARASHTRA,ARDA TOLAJI,19.726679100000002,76.3040804
367,MAHARASHTRA,DHORKHEDA,20.0848147,76.9456002
368,MAHARASHTRA,MANGNALI,18.900324100000002,77.7854204
369,MAHARASHTRA,SOMNATH JALGAON,21.000477,75.5531401
370,MAHARASHTRA,S RAJA,19.1121694,73.18406740000002
371,MAHARASHTRA,BHANKHEDA,20.661588100000003,78.7054485
372,MAHARASHTRA,WADI,21.1458922,78.97285040000001
373,MAHARASHTRA,CHOR PANGRA,20.011031399999997,76.3487792
374,MAHARASHTRA,BAIKHEDA,20.0142119,74.00415840000001
375,MAHARASHTRA,JAMBHORA,19.946694100000002,76.26027540000001
376,MAHARASHTRA,SUKALI,21.059929699999998,78.9720353
377,MAHARASHTRA,KANDHAR,18.8739552,77.1809184
379,MAHARASHTRA,VAKAD,18.5985832,73.7436413
380,MAHARASHTRA,DAWARGAON D,20.5457753,76.2227984
381,MAHARASHTRA,GAWANDHALA,20.2000698,76.56141009999999
382,MAHARASHTRA,RAJURA,19.778212699999997,79.355278
383,MAHARASHTRA,KARALA,20.8871114,77.9218204
385,MAHARASHTRA,KINHI RAJA,20.330861399999996,77.1309903
386,MAHARASHTRA,LIMKHED,18.7380522,75.30450859999999
387,MAHARASHTRA,KESHAV SHIVNI,20.0399298,76.2878403
389,MAHARASHTRA,JAYPUR,19.8989091,75.5167903
390,MAHARASHTRA,BIBI,20.0200889,76.37430309999999
391,MAHARASHTRA,VARDADI,20.8458392,73.9872404
392,MAHARASHTRA,GONDEGAON,20.1900398,74.8592552
393,MAHARASHTRA,SOMNATH,19.8337598,76.0036852
394,MAHARASHTRA,BHAPUR,20.068919100000002,76.7314254
395,MAHARASHTRA,VENI,20.357204100000004,78.7358903
396,MAHARASHTRA,WAGHJAI,17.478448,73.5353503
397,MAHARASHTRA,SONALA,21.1229976,76.7351598
410,PORUMAMILLA,KALASAPADU,15.075790900000001,78.95393370000001
414,S MYDUKUR,YERRABALLI,14.791335199999999,78.6492777
419,PORUMAMILLA,SRINAGARAM,14.9947535,78.97551829999999
423,RAJAHAMANDRY,PATA PATTISEEMA,17.215857999999997,81.6442162
426,RAJAHAMANDRY,KOTI,17.0222867,81.76636590000001
427,RAJAHAMANDRY,PATTISEEMA,17.116194699999998,81.64085909999999
431,RAJAHAMANDRY,AD PETA,16.9931801,81.7663226
433,RAJAHAMANDRY,RAMAVARAM,16.947809200000002,81.8231004
435,RAJAHAMANDRY,VEERAVARAM,16.8832135,81.82463229999999
436,RAJAHAMANDRY,REPALLEWADA,17.003622699999998,81.7624009
438,RAJAHAMANDRY,SINGAVARAM,16.871767499999997,81.665886
441,RAJAHAMANDRY,AD PETA 1,17.009576100000004,81.78134229999999
444,RAJAHAMANDRY,POLAVARAM,17.0165555,81.7732062
446,RAJAHAMANDRY,SEETHANAGARAM-R,16.5033815,80.6246208
451,RAJAHAMANDRY,VEERALANKAPALLI,16.9979216,81.8118915
453,RAJAHAMANDRY,RD PURAM,17.0086245,81.7817467
456,RAJAHAMANDRY,KOTI 2,17.022737799999998,81.7825683
457,RAJAHAMANDRY,I G PETA,16.975313,81.74270990000001
463,RAJAHAMANDRY,RAGHAVENDRAPURAM (R D PURAM),17.00285,81.7854843
465,RAJAHAMANDRY,KATERU,17.0413332,81.7656249
468,RAJAHAMANDRY,KUNAVARAM-1,16.9748193,81.7814439
473,S MYDUKUR,N KOTHAPALLI,14.739232800000002,78.5776099
475,S MYDUKUR,D L NAGAR,14.724144400000002,78.71547029999999
483,S MYDUKUR,REKALA KUNTA,14.716496300000001,78.93187579999999
485,SATHUPALLY,MANDALAPALLI,17.2481108,81.0064782
487,SATHUPALLY,THALLADA-1,17.213349700000002,80.4173443
490,SATHUPALLY,BUGGAPADU,17.272027100000003,80.85418220000001
493,SATHUPALLY,JAGANNADHAPURAM,17.2316394,80.7826745
503,SATHUPALLY,GOLLAGUDEM 1,17.2038544,80.7185362
514,SATHUPALLY,NACHARAM,17.249300299999998,80.8726033
516,SATHUPALLY,GANESHPADU-1,17.2218683,80.9153554
518,SATHUPALLY,NALLAKUNTA,17.43548,78.434348
519,SATHUPALLY,PAKALAGUDEM,17.1757064,80.89061740000001
520,SATHUPALLY,ASHWARAOPETA,17.207336399999996,80.8348969
523,SATHUPALLY,MODULAGUDEM,17.2465422,80.9567566
529,SATHUPALLY,NARAYANAPURAM,17.1774397,80.8642109
535,SATHUPALLY,WYRA,17.19605,80.34962259999999
538,SATHUPALLY,THALLADA,17.215489399999996,80.4195098
544,SATHUPALLY,GANGARAM-5,17.2000141,80.89825929999999
548,WARANGAL,INDURTHI,17.9786645,79.581211
549,WARANGAL,KOTHULANADUMA,18.140815300000003,79.4284272
552,WARANGAL,POTKAPALLY,17.9910474,79.0175974
0,BALLARI,KALLEDEVAR,14.765999999999998,75.541
1,BALLARI,SHAHPUR,16.695,76.843
2,BALLARI,PULAMPALLI,16.695,76.843
3,BALLARI,ICHANGI,14.958,75.545
4,BALLARI,GOBASALGI,14.958,75.545
5,BALLARI,VANDANUR,12.925,80.112
6,BALLARI,NEGALUR,12.970999999999998,77.594
7,BALLARI,KAPAGAL,12.970999999999998,77.594
8,BALLARI,KARAJAGI,17.281,76.217
9,BALLARI,HIREMALLALLI,14.049000000000001,75.85600000000001
10,BALLARI,MARANBID,14.049000000000001,75.85600000000001
11,BALLARI,YALAGACH,14.864,75.512
12,BALLARI,RABNALLI,15.364,75.123
13,BALLARI,MANNUR,17.299,76.101
14,BALLARI,SALADHALLI,16.721,76.41199999999999
15,BALLARI,MULATHAHALLI,12.960999999999999,77.497
16,BALLARI,KORADUR,14.909,75.551
17,BALLARI,UPPUNASI,13.825999999999999,74.631
18,BALLARI,ARABGONDA,13.825999999999999,74.631
19,BALLARI,BELLATTI,15.09,75.649
20,BALLARI,SINDAGI,16.917,76.233
21,BALLARI,NAGIREDDYPALLI,13.562000000000001,78.23100000000001
22,BALLARI,HIREMUGADUR,14.898,75.449
23,BALLARI,NELOGAL,14.759,75.435
24,BALLARI,KERUTAGI,16.715,76.283
25,BALLARI,GOVINDAWADA,14.919,77.109
26,BALLARI,HUNASHYAL,16.56,76.033
27,BALLARI,TUMARIKOPPA,14.550999999999998,75.067
28,BALLARI,HIRELINGADAHALLI,14.729000000000001,75.368
29,BALLARI,GUDDAD HOSALLI,13.027000000000001,77.09
30,BALLARI,KOTHAPALLI,13.075,78.444
31,BALLARI,HURALIHAL-1,13.075,78.444
32,BALLARI,CHICKLINGADAHALLI,13.075,78.444
33,BALLARI,ALADAKATTI,15.913,75.578
34,BALLARI,BANHATTI,16.482,75.122
35,BALLARI,NAREGAL,15.577,75.804
36,BALLARI,CHINNUR,16.635,76.689
37,BALLARI,DEVAGIRI,14.847000000000001,75.373
38,BALLARI,TIMMENAHALLI,14.597999999999999,75.497
39,BALLARI,HOSARITTI,14.897,75.55199999999999
40,BALLARI,VEERAPUR,15.69,74.673
41,BALLARI,VASANTHPUR,12.894,77.551
42,BALLARI,KONAN-KESARLI,12.965,77.579
43,BALLARI,HALERITTI,14.864,75.538
44,BALLARI,BOMMANJOGI,16.819000000000003,76.11399999999999
45,BALLARI,ARALIHALLI,13.894,75.748
46,BALLARI,CHICKMUGADUR,13.315,75.775
47,BALLARI,GOLAGERI,16.808,76.347
48,BALLARI,KABBUR,16.348,74.726
49,BALLARI,BANADALA,16.348,74.726
50,BALLARI,KESARAHALLY,14.821,76.139
51,BALLARI,KALASUR,14.884,75.398
52,BALLARI,KENGONDA,14.765999999999998,75.509
53,BALLARI,HURALIHAL,14.765999999999998,75.509
54,BALLARI,KHANAPUR,15.64,74.517
55,BALLARI,KASAMBI,14.68,75.332
56,BALLARI,NAGALUR,14.015999999999998,77.53
57,BALLARI,GOPULAPURAM,15.329,76.914
58,BALLARI,KONNUR,16.201,74.743
59,CUMBAM,KONDEPALLI,12.530999999999999,78.19800000000001
60,CUMBAM,PANDILLAPALLI,12.530999999999999,78.19800000000001
61,CUMBAM,PARAMESWARANAGAR,13.079,80.23
62,CUMBAM,CHINAGANIPALLI,11.198,77.422
63,CUMBAM,RANGAREDDYPALLI,17.436,78.559
64,CUMBAM,SANJEEVARAYANAPETA,13.12,80.288
65,CUMBAM,MUNDLAPADU,13.12,80.288
66,CUMBAM,N BAYANAPALLI,12.552,78.178
67,CUMBAM,TIMMAREDDY PALLI,12.552,78.178
68,CUMBAM,KOMMUNURU,12.552,78.178
69,CUMBAM,AKKALAREDDYPALLI,12.552,78.178
70,CUMBAM,PAPINENIPALLI,12.552,78.178
71,CUMBAM,DIGUVAMETTA,12.552,78.178
72,CUMBAM,SANJEEVARAOPETA,12.552,78.178
73,CUMBAM,KRISHNAMSHETTYPALLI,12.552,78.178
74,CUMBAM,VELLUPALLI,9.899,78.122
75,CUMBAM,K BAYYANAPALLI,12.552,78.178
76,CUMBAM,BURUJUPALLI,12.552,78.178
77,DUVVURU,GUDIPADU,14.817,78.681
78,DUVVURU,ENNAWADA,14.817,78.681
79,DUVVURU,VINJAMUR,14.817,78.681
80,DUVVURU,TIPPIREDDIPALLI,14.817,78.681
81,DUVVURU,KANAGUDURU,14.91,78.619
82,DUVVURU,CHINNAPALLE-1,14.91,78.619
83,DUVVURU,VEMPALLY,14.366,78.458
84,DUVVURU,MUTTULUR,14.366,78.458
85,DUVVURU,KOTAKONDA,14.366,78.458
86,DUVVURU,EDAMADAKA,14.366,78.458
87,DUVVURU,SANJEEVNAGAR,14.904000000000002,77.993
88,DUVVURU,UPPARAPALLI,14.547,78.782
89,DUVVURU,KALUVAI,14.511,79.41
90,DUVVURU,KRISHNAPURAM,14.495,78.797
91,DUVVURU,UYYALAWADA(DUVUURU),14.495,78.797
92,DUVVURU,MUSALANAYANIPALLI,14.495,78.797
93,DUVVURU,LINGAM GUNTA,14.495,78.797
94,DUVVURU,SIDDAVATAM,14.466,78.969
95,DUVVURU,MUTHYALAPADU,15.04,78.598
96,DUVVURU,VARIKUNTAPADU,14.540999999999999,79.382
97,DUVVURU,BAYANNAPALLI-D,13.975999999999999,79.365
98,DUVVURU,A KOTHAPALLI,14.05,78.808
99,DUVVURU,GODIGANUR,14.05,78.808
100,DUVVURU,PEDDASINGANAPALLI,14.849,78.687
101,DUVVURU,ACHANAPALLI,14.702,77.551
102,DUVVURU,RAMAPURAM,14.808,78.707
103,DUVVURU,NAGAIAHPALLI,14.808,78.707
104,DUVVURU,JANGALAPALLI,14.808,78.707
105,DUVVURU,RAMSAI NAGAR,14.808,78.707
106,DUVVURU,DANKANPALLI,14.808,78.707
107,DUVVURU,AGRAHARAM,14.599,78.155
108,DUVVURU,MADIREPALLI,14.599,78.155
109,DUVVURU,CHINNAPALLI,14.1,79.247
110,DUVVURU,GUDIPADU-1,14.761,78.619
111,DUVVURU,DASARAPALLI,14.761,78.619
112,DUVVURU,BALAYAPALLI,14.761,78.619
113,DUVVURU,AVULAPALLI,13.49,79.041
114,DUVVURU,NEELAPURAM,14.885,78.685
115,ELURU,NYAMPALLI,14.885,78.685
116,ELURU,KANTHAMPALEM,17.102999999999998,80.958
117,ELURU,RAMACHANDRAPURAM,16.587,81.601
118,ELURU,KOMMARA,16.665,81.571
119,ELURU,YERRAMILLIPADU,16.665,81.571
120,ELURU,PRAKASARAOPALEM,16.916,81.432
121,ELURU,KAMSALAGUNTA,16.916,81.432
122,ELURU,PULLALAPADU 1,16.916,81.432
123,ELURU,KAPPALA KUNTA,16.883,81.318
124,ELURU,CHEBROLU,16.828,81.392
125,ELURU,NAGULAPALLI - 1,16.855999999999998,81.293
126,ELURU,GUNNAMPALLI,16.874000000000002,81.318
127,ELURU,MAHADEVAPURAM,16.893,81.312
128,ELURU,DEVINENIVARI GUDEM,16.918,81.236
129,ELURU,JILAKARAGUDEM,17.012,81.128
130,ELURU,YADAVALLI,16.965,80.953
131,ELURU,ANNAPANENIVARIGUDEM,16.982,81.112
132,ELURU,TIRNAMPALEM,16.982,81.112
133,ELURU,BADARALA,16.925,81.11
134,ELURU,TIMMAPURAM,16.923,81.248
135,ELURU,TELAPROLU -1,16.816,81.135
136,ELURU,KAPPALAGUNTA,16.816,81.135
137,ELURU,POTHANAPALLI,16.816,81.135
138,ELURU,DUBACHERLA,16.913,81.355
139,ELURU,YARRAMILLIPADU,16.913,81.355
140,ELURU,GANTIPADU,17.022000000000002,80.90100000000001
141,ELURU,JALAPAVARIGUDEM,18.180999999999997,77.95
142,ELURU,AYYAVARAM,16.945999999999998,81.306
143,ELURU,SINGARAJUPALEM,16.88,81.41
144,ELURU,VELPUCHERLA,16.88,81.41
145,ELURU,ANKALAMPADU,16.974,81.169
146,ELURU,RECHERLLA,16.974,81.169
147,ELURU,MARAMPALLI,16.847,81.637
148,ELURU,GUNDU GOLUGUNTA,16.847,81.637
149,ELURU,RAMACHANDRAPURAM-1,16.832,82.03299999999999
150,ELURU,BUTTAYAIGUDEM,16.832,82.03299999999999
151,ELURU,TELAPROLU,18.180999999999997,77.95
152,ELURU,AYYAPARAJUGUDEM,17.125,81.14699999999999
153,ELURU,NARSINGAPURAM 1,17.125,81.14699999999999
154,ELURU,GOPINATHAPATNAM,16.84,81.389
155,ELURU,KUCHIMPUDI,16.85,81.109
156,ELURU,BAPIRAJUGUDEM,16.863,81.01
157,ELURU,THIMMAPURAM,16.923,81.248
158,ELURU,MUKKOLLUPADU,18.180999999999997,77.95
159,KARIMNAGAR,PALCHRU,18.180999999999997,77.95
160,KARIMNAGAR,KOTHAPALLI - K'NAGAR,18.180999999999997,77.95
161,KURNOOL,MADUMALA,14.919,78.923
162,KURNOOL,H KAIRAWADI,15.548,80.113
163,KURNOOL,BOORAKUNTA,15.548,80.113
164,KURNOOL,NUTANPALLY,23.235,87.87799999999999
165,KURNOOL,YANAKANDLA,15.362,78.21
166,KURNOOL,THATIKUNDA,17.489,82.20100000000001
167,KURNOOL,K R CHERUVU,15.962,80.438
168,KURNOOL,PALDODDI,16.25,81.118
169,MAHARASHTRA,NALVIHIRA,16.25,81.118
170,MAHARASHTRA,LINGA PEN,18.680999999999997,72.986
171,MAHARASHTRA,DEULGAON WAYASA,18.680999999999997,72.986
172,MAHARASHTRA,GOWNDALA,18.680999999999997,72.986
173,MAHARASHTRA,KACHANHIRA,18.680999999999997,72.986
174,MAHARASHTRA,ANCHARVADI,18.680999999999997,72.986
175,MAHARASHTRA,SUKLE,18.680999999999997,72.986
176,MAHARASHTRA,SAWARGAON,19.160999999999998,74.282
177,MAHARASHTRA,INDARKAR WADI,18.735,73.722
178,MAHARASHTRA,GOIROLI B,18.735,73.722
179,MAHARASHTRA,MANGOL JANAK,19.979,73.756
180,MAHARASHTRA,DEULGAON RAJA,20.018,76.033
181,MAHARASHTRA,GAYKHED,20.018,76.033
182,MAHARASHTRA,HIWARA KA,20.018,76.033
183,MAHARASHTRA,MORI IKLI,20.018,76.033
184,MARKAPUR,SIVARAMAPURAM,15.699000000000002,79.893
185,MARKAPUR,NAIDUPALLI,15.735999999999999,79.32
186,MARKAPUR,AKKACHERUVU,15.635,79.59100000000001
187,PORUMAMILLA,AMMAVARIPETA,14.7,77.657
188,PORUMAMILLA,THIPANAPALLI,14.7,77.657
189,PORUMAMILLA,KESHAPURAM,13.895999999999999,78.66199999999999
190,PORUMAMILLA,CHENCHAIAHGARIPALLI,13.895999999999999,78.66199999999999
191,PORUMAMILLA,MEKAVARIPALLI,14.14,79.16199999999999
192,PORUMAMILLA,CHENNAPPANAYANAPALLI,14.14,79.16199999999999
193,PORUMAMILLA,B MATHAM,14.859000000000002,78.873
194,PORUMAMILLA,KRISHANAPURAM,14.495,78.797
195,PORUMAMILLA,CHOUDHARIVARIPALLI,14.495,78.797
196,PORUMAMILLA,THAMBALAPALLI,15.185,78.931
197,PORUMAMILLA,RASAYAPETA,14.482000000000001,78.822
198,PORUMAMILLA,DANTHALAPALLI,14.575,78.044
199,PORUMAMILLA,THIPPIREDDYPALLI,14.575,78.044
200,PORUMAMILLA,MALLEPALLI,14.362,78.108
201,PORUMAMILLA,BOGGULAVARIPALLI,14.037,79.264
202,PORUMAMILLA,RAJUPALEM,14.231,79.244
203,PORUMAMILLA,KESHAVAPURAM,14.931,78.93
204,PORUMAMILLA,GURAPPAGARI PALLI,14.931,78.93
205,PORUMAMILLA,MUSALAREDDIPALLI,14.931,78.93
206,RAJAHAMANDRY,I G PET,17.134,82.396
207,RAJAHAMANDRY,KATAVARAM,17.113,81.736
208,RAJAHAMANDRY,KOTI1,17.113,81.736
209,RAJAHAMANDRY,KUNAVARAM,17.574,81.253
210,RAJAHAMANDRY,MULAKALLANKA,17.090999999999998,81.743
211,RAJAHAMANDRY,POTNURU,17.090999999999998,81.743
212,RAJAHAMANDRY,GANGAMPALEM,17.256,81.9
213,RAJAHAMANDRY,NELLIPUDI 1,17.267,82.346
214,RAJAHAMANDRY,PUDIPALLI,17.296,81.682
215,RAJAHAMANDRY,THAKURPALEM,17.296,81.682
216,RAJAHAMANDRY,KUNAVARAM-2,16.539,82.087
217,RAJAHAMANDRY,MUNAGALA,17.128,81.773
218,RAJAHAMANDRY,KOTHAPALLI-R,17.094,82.309
219,RAJAHAMANDRY,ANNADEVARAPETA-4,17.118,81.625
220,RAJAHAMANDRY,YERRAMPALEM,17.124000000000002,82.074
221,RAJAHAMANDRY,VENKATANAGARAM,17.064,81.757
222,RAJAHAMANDRY,PRAGADAPALLI,18.180999999999997,77.95
223,RAJAHAMANDRY,PURUSHOTTAPATNAM,17.67,80.911
224,RAJAHAMANDRY,GAJJARAM,17.133,81.643
225,RAJAHAMANDRY,MUNGALA,17.133,81.643
226,RAJAHAMANDRY,KAMARAJUPETA,17.289,81.907
227,RAJAHAMANDRY,KAMARAJUPETA-2,17.291,81.906
228,RAJAHAMANDRY,VEDULLAPALLI,17.133,81.717
229,RAJAHAMANDRY,KAMARAJUPETA-1,17.291,81.906
230,RAJAHAMANDRY,CHIDPI,17.291,81.906
231,RAJAHAMANDRY,RAYAVARAM,16.9,82.005
232,RAJAHAMANDRY,SRI RANGAPATNAM,17.169,81.83
233,RAJAHAMANDRY,MUNAGALA 1,17.159000000000002,81.791
234,RAJAHAMANDRY,POLAVARAM-R,16.66,82.189
235,S MYDUKUR,BASAPURAM,14.182,79.148
236,S MYDUKUR,JANDLAVARAM - 2,14.182,79.148
237,S MYDUKUR,KATTAKINDA PALLI,14.725,78.847
238,S MYDUKUR,MUDDANUR,14.689,78.392
239,S MYDUKUR,UPPUGUNTA PALLI,14.689,78.392
240,S MYDUKUR,BEECHUVARI PALLI,14.689,78.392
241,S MYDUKUR,B AGRAHARAM,14.73,79.058
242,S MYDUKUR,KONDAPETA,15.091,78.915
243,S MYDUKUR,G V SATRAM,14.061,78.914
244,S MYDUKUR,KOTHAPETA,14.052,78.74600000000001
245,S MYDUKUR,BHAGYANAGARAM,15.13,78.50399999999999
246,S MYDUKUR,MAMILLAPALLI,15.105,78.969
247,S MYDUKUR,PATIMEEDIPALLI,14.627,78.77600000000001
248,S MYDUKUR,TUVVA PALLI,14.627,78.77600000000001
249,S MYDUKUR,JANDLAVARAM - 1,14.627,78.77600000000001
250,SATHUPALLY,CHINTAMPALLI 2,17.297,80.05199999999999
251,SATHUPALLY,ASHWARAOPETA-1,17.250999999999998,80.16
252,SATHUPALLY,KALLURU,17.204,80.55
253,SATHUPALLY,ALLIPALLI,17.186,81.006
254,SATHUPALLY,PAKALAGUDEM - 2,17.199,80.896
255,SATHUPALLY,UTUKURU,17.457,80.295
256,SATHUPALLY,MANGAPURAM,17.250999999999998,80.35
257,SATHUPALLY,MUSTIBANDA 1,17.246,80.97800000000001
258,SATHUPALLY,VADLAGUDEM,17.212,80.96
259,SATHUPALLY,GURRALACHERUVU,17.212,80.96
260,SATHUPALLY,SRIRAMAPURAM,17.38,80.351
261,SATHUPALLY,APPARAOPETA,17.176,80.87
262,SATHUPALLY,ATCHUTAPURAM,17.237000000000002,81.025
263,SATHUPALLY,MADISETTIVARIPALEM,17.237000000000002,81.025
264,SATHUPALLY,THALLADA 3,17.533,80.61399999999999
265,SATHUPALLY,MODDULAGUDEM,17.116,80.708
266,SATHUPALLY,GATTUGUDEM,17.555999999999997,80.61399999999999
267,SATHUPALLY,KURNAVALI,17.124000000000002,80.431
268,SATHUPALLY,PATTAIGUDEM-1,17.171,80.962
269,SATHUPALLY,PATTAIGUDEM,17.171,80.962
270,SATHUPALLY,SATYANARAYANAPURAM,18.017,80.866
271,SATHUPALLY,KOTAPADU,17.35,80.185
272,SATHUPALLY,DAREDU,17.349,80.17
273,SATHUPALLY,MANDALAPALLI-2,17.248,81.008
274,SATHUPALLY,KOTHAGANGARAM,17.248,81.008
275,SATHUPALLY,APPARAOPETA1,17.176,80.87
276,SATHUPALLY,SITANAGARAM 2,17.213,80.913
277,SATHUPALLY,PALVANCHA,17.609,80.704
278,SATHUPALLY,CHOUTAPALLI,17.04,80.601
279,SATHUPALLY,VADLAGUDEM 1,17.222,80.961
280,SATHUPALLY,GANESHPADU,17.234,80.906
281,SATHUPALLY,PARKILAGANDI,17.234,80.906
282,SATHUPALLY,RUDHRASHKAPALLI,17.212,80.84
283,SATHUPALLY,TUMMAGUDEM,17.255,79.866
284,SATHUPALLY,SITANAGARAM,17.930999999999997,80.908
285,SATHUPALLY,CHANUBANDA,17.032,80.805
286,SATHUPALLY,MALLUPALLI,17.241,80.319
287,SATHUPALLY,REGALLAPADU,17.335,80.859
288,SATHUPALLY,KOMMUGUDEM,17.486,80.301
289,SATHUPALLY,MUKUNDAPURAM,17.577,80.248
290,SATHUPALLY,CHITTAPUR,17.577,80.248
291,SATHUPALLY,CHINTAMPALLI-1,17.297,80.05199999999999
292,SATHUPALLY,NAIDUPETA,17.264,80.918
293,SATHUPALLY,JALAVAG,17.264,80.918
294,SATHUPALLY,CHEEPURUGUDEM 1,17.061,80.942
295,SATHUPALLY,PATTAIGUDEM 3,17.171,80.962
296,SATHUPALLY,VADLAGUDEM 2,17.222,80.961
297,SATHUPALLY,JAMMUGUDEM,17.85,80.88600000000001
298,SATHUPALLY,JAGGARAM,17.361,80.915
299,SATHUPALLY,SOMAVARAM,17.169,80.35
300,WARANGAL,GOPARAPALLY,17.673,77.515
301,WARANGAL,GANGARAM - 1,16.507,78.164
