,Location,Village
2,BALLARI,TUMARIKOPPA
3,BALLARI,KAPAGAL
4,BALLARI,KASAMBI
5,BALLARI,KERUTAGI
6,BALLARI,ARABGONDA
7,BALLARI,CHICKMUGADUR
8,BALLARI,KARAJAGI
9,BALLARI,VEERAPUR
11,BALLARI,HALERITTI
12,BALLARI,NELOGAL
13,BALLARI,KALLEDEVAR
14,BALLARI,SINDAGI
15,BALLARI,KESARAHALLY
16,BALLARI,BOMMANJOGI
17,BALLARI,ICHANGI
18,BALLARI,BANADALA
19,BALLARI,KONAN-KESARLI
20,BALLARI,NEGALUR
22,BALLARI,HIRELINGADAHALLI
23,BALLARI,HURALIHAL-1
24,BALLARI,MANNUR
25,BALLARI,HIREMALLALLI
26,BALLARI,VANDANUR
27,BALLARI,GUDDAD HOSALLI
28,BALLARI,GOBASALGI
29,BALLARI,MARANBID
31,BALLARI,MULATHAHALLI
33,BALLARI,YALAGACH
34,BALLARI,KONNUR
36,BALLARI,VASANTHPUR
37,BALLARI,NAGIREDDYPALLI
38,BALLARI,KABBUR
41,BALLARI,CHICKLINGADAHALLI
42,BALLARI,HOSARITTI
43,BALLARI,HIREMUGADUR
44,BALLARI,ALADAKATTI
46,BALLARI,KORADUR
47,BALLARI,GOPULAPURAM
50,BALLARI,GOVINDAWADA
51,BALLARI,UPPUNASI
52,BALLARI,SHAHPUR
53,BALLARI,RABNALLI
55,BALLARI,BELLATTI
56,BALLARI,KALASUR
57,BALLARI,CHINNUR
60,BALLARI,KENGONDA
61,BALLARI,HURALIHAL
62,BALLARI,KHANAPUR
63,BALLARI,SALADHALLI
66,BALLARI,DEVAGIRI
67,BALLARI,GOLAGERI
69,BALLARI,PULAMPALLI
70,BALLARI,ARALIHALLI
71,BALLARI,NAGALUR
72,BALLARI,HUNASHYAL
73,BALLARI,TIMMENAHALLI
74,BALLARI,BANHATTI
75,BALLARI,KOTHAPALLI
76,BALLARI,NAREGAL
77,CUMBAM,CHINAGANIPALLI
78,CUMBAM,KOMMUNURU
79,CUMBAM,KONDEPALLI
80,CUMBAM,AKKALAREDDYPALLI
81,CUMBAM,DIGUVAMETTA
82,CUMBAM,PAPINENIPALLI
83,CUMBAM,RANGAREDDYPALLI
84,CUMBAM,SANJEEVARAYANAPETA
85,CUMBAM,SANJEEVARAOPETA
86,CUMBAM,PANDILLAPALLI
87,CUMBAM,PARAMESWARANAGAR
88,CUMBAM,KRISHNAMSHETTYPALLI
89,CUMBAM,TIMMAREDDY PALLI
90,CUMBAM,MUNDLAPADU
91,CUMBAM,BURUJUPALLI
92,CUMBAM,N BAYANAPALLI
94,CUMBAM,VELLUPALLI
95,CUMBAM,K BAYYANAPALLI
96,DUVVURU,RAMSAI NAGAR
97,DUVVURU,CHINNAPALLE-1
98,DUVVURU,CHINNAPALLI
99,DUVVURU,GODIGANUR
100,DUVVURU,GUDIPADU
101,DUVVURU,BALAYAPALLI
102,DUVVURU,DASARAPALLI
103,DUVVURU,ACHANAPALLI
104,DUVVURU,AVULAPALLI
105,DUVVURU,MUTTULUR
106,DUVVURU,VARIKUNTAPADU
107,DUVVURU,LINGAM GUNTA
108,DUVVURU,EDAMADAKA
109,DUVVURU,JANGALAPALLI
110,DUVVURU,VEMPALLY
111,DUVVURU,KOTAKONDA
113,DUVVURU,MUSALANAYANIPALLI
114,DUVVURU,KRISHNAPURAM
115,S MYDUKUR,G V SATRAM
116,DUVVURU,SANJEEVNAGAR
117,DUVVURU,PEDDASINGANAPALLI
118,DUVVURU,RAMAPURAM
119,S MYDUKUR,KONDAPETA
120,DUVVURU,SIDDAVATAM
121,DUVVURU,NEELAPURAM
122,S MYDUKUR,UPPUGUNTA PALLI
123,DUVVURU,ENNAWADA
124,DUVVURU,VINJAMUR
125,DUVVURU,TIPPIREDDIPALLI
126,DUVVURU,KALUVAI
127,DUVVURU,BAYANNAPALLI-D
128,DUVVURU,UYYALAWADA(DUVUURU)
129,DUVVURU,AGRAHARAM
130,DUVVURU,GUDIPADU-1
131,DUVVURU,A KOTHAPALLI
132,DUVVURU,KANAGUDURU
133,DUVVURU,DANKANPALLI
134,DUVVURU,MADIREPALLI
135,DUVVURU,NAGAIAHPALLI
136,DUVVURU,MUTHYALAPADU
138,DUVVURU,UPPARAPALLI
139,ELURU,KAPPALAGUNTA
141,ELURU,BADARALA
142,ELURU,VELPUCHERLA
144,ELURU,PRAKASARAOPALEM
145,ELURU,BAPIRAJUGUDEM
147,ELURU,TELAPROLU
149,ELURU,NAGULAPALLI - 1
151,ELURU,RAMACHANDRAPURAM
152,ELURU,MUKKOLLUPADU
153,ELURU,YARRAMILLIPADU
155,ELURU,NYAMPALLI
158,ELURU,ANKALAMPADU
159,ELURU,TIMMAPURAM
160,ELURU,PULLALAPADU 1
161,ELURU,KOMMARA
163,ELURU,KANTHAMPALEM
164,ELURU,GUNNAMPALLI
165,ELURU,MARAMPALLI
166,ELURU,DUBACHERLA
168,SATHUPALLY,PATTAIGUDEM
170,ELURU,GANTIPADU
172,ELURU,DEVINENIVARI GUDEM
174,ELURU,TELAPROLU -1
175,ELURU,TIRNAMPALEM
176,ELURU,YADAVALLI
179,ELURU,AYYAVARAM
180,ELURU,JILAKARAGUDEM
182,ELURU,THIMMAPURAM
185,ELURU,CHEBROLU
186,ELURU,JALAPAVARIGUDEM
187,ELURU,AYYAPARAJUGUDEM
192,ELURU,KAMSALAGUNTA
197,ELURU,SINGARAJUPALEM
199,ELURU,RAMACHANDRAPURAM-1
200,ELURU,KAPPALA KUNTA
201,ELURU,ANNAPANENIVARIGUDEM
202,ELURU,POTHANAPALLI
204,ELURU,BUTTAYAIGUDEM
205,ELURU,MAHADEVAPURAM
207,ELURU,YERRAMILLIPADU
208,ELURU,GUNDU GOLUGUNTA
211,SATHUPALLY,KOTAPADU
212,ELURU,KUCHIMPUDI
213,ELURU,RECHERLLA
214,ELURU,GOPINATHAPATNAM
217,ELURU,NARSINGAPURAM 1
226,KARIMNAGAR,KOTHAPALLI - K'NAGAR
230,KARIMNAGAR,PALCHRU
239,KURNOOL,K R CHERUVU
243,KURNOOL,H KAIRAWADI
244,KURNOOL,BOORAKUNTA
245,KURNOOL,NUTANPALLY
250,KURNOOL,YANAKANDLA
252,KURNOOL,THATIKUNDA
253,KURNOOL,PALDODDI
256,KURNOOL,MADUMALA
275,MAHARASHTRA,NALVIHIRA
277,MAHARASHTRA,SAWARGAON
279,MAHARASHTRA,HIWARA KA
282,MAHARASHTRA,GOIROLI B
290,MAHARASHTRA,LINGA PEN
293,MAHARASHTRA,DEULGAON WAYASA
310,MAHARASHTRA,GOWNDALA
327,MAHARASHTRA,GAYKHED
339,MAHARASHTRA,MANGOL JANAK
353,MAHARASHTRA,KACHANHIRA
359,MAHARASHTRA,MORI IKLI
360,MAHARASHTRA,ANCHARVADI
378,MAHARASHTRA,DEULGAON RAJA
384,MAHARASHTRA,SUKLE
388,MAHARASHTRA,INDARKAR WADI
398,MARKAPUR,NAIDUPALLI
399,MARKAPUR,AKKACHERUVU
400,MARKAPUR,SIVARAMAPURAM
401,PORUMAMILLA,AMMAVARIPETA
402,PORUMAMILLA,THIPPIREDDYPALLI
403,PORUMAMILLA,CHENCHAIAHGARIPALLI
404,PORUMAMILLA,MALLEPALLI
405,PORUMAMILLA,RASAYAPETA
406,PORUMAMILLA,BOGGULAVARIPALLI
407,PORUMAMILLA,CHENNAPPANAYANAPALLI
408,PORUMAMILLA,B MATHAM
409,PORUMAMILLA,KESHAPURAM
411,PORUMAMILLA,MUSALAREDDIPALLI
412,PORUMAMILLA,THIPANAPALLI
413,PORUMAMILLA,GURAPPAGARI PALLI
415,PORUMAMILLA,DANTHALAPALLI
416,PORUMAMILLA,KRISHANAPURAM
417,PORUMAMILLA,MEKAVARIPALLI
418,PORUMAMILLA,KESHAVAPURAM
420,PORUMAMILLA,RAJUPALEM
421,PORUMAMILLA,CHOUDHARIVARIPALLI
422,PORUMAMILLA,THAMBALAPALLI
424,RAJAHAMANDRY,GANGAMPALEM
425,RAJAHAMANDRY,CHIDPI
428,RAJAHAMANDRY,POLAVARAM-R
429,RAJAHAMANDRY,PURUSHOTTAPATNAM
430,RAJAHAMANDRY,KUNAVARAM
432,RAJAHAMANDRY,ANNADEVARAPETA-4
434,RAJAHAMANDRY,PUDIPALLI
437,RAJAHAMANDRY,KOTI1
439,RAJAHAMANDRY,KAMARAJUPETA-1
440,RAJAHAMANDRY,VEDULLAPALLI
442,RAJAHAMANDRY,KOTHAPALLI-R
443,RAJAHAMANDRY,KAMARAJUPETA-2
445,RAJAHAMANDRY,MUNGALA
447,RAJAHAMANDRY,KATAVARAM
448,RAJAHAMANDRY,THAKURPALEM
449,RAJAHAMANDRY,NELLIPUDI 1
450,RAJAHAMANDRY,KUNAVARAM-2
452,RAJAHAMANDRY,MUNAGALA
454,RAJAHAMANDRY,KAMARAJUPETA
455,RAJAHAMANDRY,VENKATANAGARAM
458,RAJAHAMANDRY,MULAKALLANKA
459,RAJAHAMANDRY,PRAGADAPALLI
460,RAJAHAMANDRY,GAJJARAM
461,RAJAHAMANDRY,POTNURU
462,RAJAHAMANDRY,RAYAVARAM
464,RAJAHAMANDRY,MUNAGALA 1
466,RAJAHAMANDRY,SRI RANGAPATNAM
467,RAJAHAMANDRY,YERRAMPALEM
469,RAJAHAMANDRY,I G PET
470,S MYDUKUR,BHAGYANAGARAM
471,S MYDUKUR,MAMILLAPALLI
472,S MYDUKUR,BASAPURAM
474,S MYDUKUR,BEECHUVARI PALLI
476,S MYDUKUR,TUVVA PALLI
477,S MYDUKUR,KATTAKINDA PALLI
478,S MYDUKUR,PATIMEEDIPALLI
479,S MYDUKUR,B AGRAHARAM
480,S MYDUKUR,MUDDANUR
481,S MYDUKUR,KOTHAPETA
482,S MYDUKUR,JANDLAVARAM - 2
484,S MYDUKUR,JANDLAVARAM - 1
486,SATHUPALLY,JALAVAG
488,SATHUPALLY,KOTHAGANGARAM
489,SATHUPALLY,ALLIPALLI
491,SATHUPALLY,MADISETTIVARIPALEM
492,SATHUPALLY,PALVANCHA
494,SATHUPALLY,APPARAOPETA
495,SATHUPALLY,MALLUPALLI
496,SATHUPALLY,CHOUTAPALLI
497,SATHUPALLY,SRIRAMAPURAM
498,SATHUPALLY,ATCHUTAPURAM
499,SATHUPALLY,SITANAGARAM
500,SATHUPALLY,PAKALAGUDEM - 2
501,SATHUPALLY,PARKILAGANDI
502,SATHUPALLY,MANDALAPALLI-2
504,SATHUPALLY,KOMMUGUDEM
505,SATHUPALLY,THALLADA 3
506,SATHUPALLY,SATYANARAYANAPURAM
507,SATHUPALLY,CHANUBANDA
508,SATHUPALLY,VADLAGUDEM 2
509,SATHUPALLY,APPARAOPETA1
510,SATHUPALLY,SOMAVARAM
511,SATHUPALLY,VADLAGUDEM
512,SATHUPALLY,MUKUNDAPURAM
513,SATHUPALLY,KALLURU
515,SATHUPALLY,MANGAPURAM
517,SATHUPALLY,CHEEPURUGUDEM 1
521,SATHUPALLY,DAREDU
522,SATHUPALLY,VADLAGUDEM 1
524,SATHUPALLY,KURNAVALI
525,SATHUPALLY,NAIDUPETA
526,SATHUPALLY,RUDHRASHKAPALLI
527,SATHUPALLY,JAGGARAM
528,SATHUPALLY,PATTAIGUDEM 3
530,SATHUPALLY,PATTAIGUDEM-1
531,SATHUPALLY,GANESHPADU
532,SATHUPALLY,GATTUGUDEM
533,SATHUPALLY,CHITTAPUR
534,SATHUPALLY,ASHWARAOPETA-1
536,SATHUPALLY,JAMMUGUDEM
537,SATHUPALLY,REGALLAPADU
539,SATHUPALLY,MUSTIBANDA 1
540,SATHUPALLY,TUMMAGUDEM
541,SATHUPALLY,UTUKURU
542,SATHUPALLY,MODDULAGUDEM
543,SATHUPALLY,CHINTAMPALLI-1
545,SATHUPALLY,GURRALACHERUVU
546,SATHUPALLY,SITANAGARAM 2
547,SATHUPALLY,CHINTAMPALLI 2
550,WARANGAL,GANGARAM - 1
551,WARANGAL,GOPARAPALLY
